0.0119060163949165856128506619994763601375168302761163508044823178505920362866725626756083443395157144561121336437746373462411989762633606632330310340066740980521197681395410331659460155494864981619291406238332103767593157108474449132481862685967102974709703967904609221191209637921068729349083222630500032508508687098125124327803613196531174724208895023364967912960432507237431267477451202935216212645364613837794545160637514351729469316211397787950139545896440800818305376701300262503614718181680048982096571541381765035970007868620258576379314062155745593058651791262660126298750568976704147294892374,0.0119339266882384228904355215782380036657440278145138405978115548753978776232697552846446764164251526783377473600211072185004197102446080544384223552643080931687458584705265182347362979233172660317998633445707119316913425295026078371693986073384745668396814818798086786090437849739756386479875287257363899854791784319499475848040398221993604978605824054592249883498505457074012323764084271940345797478224852426711097873332136387254902484327710239153618185983754753570169069144765078203591338867772700363284267496958020618272555270583103464949602395626018513752645110461116553731488085914139753819630860,0.0,0.0,0.0,0.0,0.0,0.0,0.0,0.0,0.0,0.0,0.0,0.0,0.0,0.0,0.0,0.0,0.0,0.0,0.0,0.0,0.0,0.0,0.0,0.0,0.0,0.0,0.0,0.0,0.0,0.0,0.0,0.0,0.0,0.0,0.0,0.0,0.0,0.0,0.0,0.0,0.0,0.0,0.0,0.0,0.0,0.0,0.0,0.0
0.0119339266882384228904355215782380036657440278145138405978115548753978776232697552846446764164251526783377473600211072185004197102446080544384223552643080931687458584705265182347362979233172660317998633445707119316913425295026078371693986073384745668396814818798086786090437849739756386479875287257363899854791784319499475848040398221993604978605824054592249883498505457074012323764084271940345797478224852426711097873332136387254902484327710239153618185983754753570169069144765078203591338867772700363284267496958020618272555270583103464949602395626018513752645110461116553731488085914139753819630860,0.0173318512935814273246225560859007059333851225772159759731988260369648338554347642876712202452249951243213572738778724907698762433000570452108247711082979105378736613510622083460710086250737227130442190435884143552043056426700960445372847170177685850371824880090111299303088449972214600038897602550591102492825769877111256383296026360827879012883108644370956480431208945964093689392062049274688495433178114008724673048522311017461374264532487239861571064361043261585302941119735492229851292663898095967884765323616347419747220419447679378759884740720609413163006366526068714250117835107710833175902290,0.00484307264700896327402277037303558476862981597081268982893822127188418463067145420853862897105499524740103718538497800019662835631689767939127650159886647154339801012088230747288374905624048315577466884648146589006263743257511246087476147864419508317787309112510716452013270640110495947351298277618580817873291686236106278522606536938511455421255850031752530763657792236891927925360145193453287388171641741504800907372534208084306444629062350098402999598180712213263478974622140044725562381368487041753050397668609760103240168636005057775891670894185042271614577026225218165800690404796168325016088776,0.0,0.0,0.0,0.0,0.0,0.0,0.0,0.0,0.0,0.0,0.0,0.0,0.0,0.0,0.0,0.0,0.0,0.0,0.0,0.0,0.0,0.0,0.0,0.0,0.0,0.0,0.0,0.0,0.0,0.0,0.0,0.0,0.0,0.0,0.0,0.0,0.0,0.0,0.0,0.0,0.0,0.0,0.0,0.0,0.0,0.0,0.0
0.0,0.00484307264700896327402277037303558476862981597081268982893822127188418463067145420853862897105499524740103718538497800019662835631689767939127650159886647154339801012088230747288374905624048315577466884648146589006263743257511246087476147864419508317787309112510716452013270640110495947351298277618580817873291686236106278522606536938511455421255850031752530763657792236891927925360145193453287388171641741504800907372534208084306444629062350098402999598180712213263478974622140044725562381368487041753050397668609760103240168636005057775891670894185042271614577026225218165800690404796168325016088776,0.00720111771051487591278460711580740263703334291641336074940901080978361580226368948876341861933579845606164909757393590933088364354821138235100753255971855541019750030135394815025601076139203637977723996685742023816322579108610137952225303853915170737090742784465848533196813542198964426126151640844654215508941619956870504565820186292574131765481638691538520317461992726179015792910769849733384825581281898407009969563633604073633549344321648246750962594989906754076758077308121455573889749672831672791699208588422630724610038383869949393693138997978915641589034789671323985140615291653134255450668186,0.00272134553975005999876378323384226532989698051507863691547804834036216066180078842525966953028174890705205824164239211291630166948326215885352214405189875448842229894852137311687224682964299633898850841230819193517939511932720572598088536805604365829074651735721836860669605460834322335358774660435537320722760014432036214766146812834988216900457186907588150123202295729128950822389387786337900614295938839419212083316368984425847423865957964305625765864195814454678448049819695872232711905683251127118582122620496969754959314654726130805985766477281378878270370267234780378825663068301440265721029985,0.0,0.0,0.0,0.0,0.0,0.0,0.0,0.0,0.0,0.0,0.0,0.0,0.0,0.0,0.0,0.0,0.0,0.0,0.0,0.0,0.0,0.0,0.0,0.0,0.0,0.0,0.0,0.0,0.0,0.0,0.0,0.0,0.0,0.0,0.0,0.0,0.0,0.0,0.0,0.0,0.0,0.0,0.0,0.0,0.0,0.0
0.0,0.0,0.00272134553975005999876378323384226532989698051507863691547804834036216066180078842525966953028174890705205824164239211291630166948326215885352214405189875448842229894852137311687224682964299633898850841230819193517939511932720572598088536805604365829074651735721836860669605460834322335358774660435537320722760014432036214766146812834988216900457186907588150123202295729128950822389387786337900614295938839419212083316368984425847423865957964305625765864195814454678448049819695872232711905683251127118582122620496969754959314654726130805985766477281378878270370267234780378825663068301440265721029985,0.00474834096093449250744254131020663850539814194550966763169522952704045841668333403171352942825616152500803750696900576973059695953057213166987273999322231642929244220129831117424009190708052611793372449461133109318438469957070133246182914094524272625276374065292535611061980722235917017560695848075923281710141024355168256170316758774196147771301795888524163080456139706415771127967606395342657630260609910685311027914205147904184231882740295318174799057285212511071423583170836080987689639362656708013819267532099556862646079579291440392372466087990852437887947128869475034035418835047477090798116688,0.00211719914378023760925227180126790712138604328356690735339448753796293967063010649423500557257328955858102559058529502779721106223316748450834640269884362100524733332607351559023494302679520820476162421679631871632088920066767235281446163018035400285843083944279283627332294688552896907355951176030564212234850001362514688883329822482364777210767033153996474283889271079672802143200657179439557622727216832680009972834659122825567274257022646875688603793720862039569678443281301749278855417748847462574440218192795413298019411246855610337447972312024211301061152327515890906485883074221463621837602281,0.0,0.0,0.0,0.0,0.0,0.0,0.0,0.0,0.0,0.0,0.0,0.0,0.0,0.0,0.0,0.0,0.0,0.0,0.0,0.0,0.0,0.0,0.0,0.0,0.0,0.0,0.0,0.0,0.0,0.0,0.0,0.0,0.0,0.0,0.0,0.0,0.0,0.0,0.0,0.0,0.0,0.0,0.0,0.0,0.0
0.0,0.0,0.0,0.00211719914378023760925227180126790712138604328356690735339448753796293967063010649423500557257328955858102559058529502779721106223316748450834640269884362100524733332607351559023494302679520820476162421679631871632088920066767235281446163018035400285843083944279283627332294688552896907355951176030564212234850001362514688883329822482364777210767033153996474283889271079672802143200657179439557622727216832680009972834659122825567274257022646875688603793720862039569678443281301749278855417748847462574440218192795413298019411246855610337447972312024211301061152327515890906485883074221463621837602281,0.00381567847390780662490868587870511751956801196882902842662809177272833788238078247287062341675586760948636070967263478837521689043668490262631729931542408691324991470112349810436800048860327691843521208368494749914159068265833348292967167897600764938435127059590679677357484112433346795932036818815615949743493807238566161889243884067809783656883030323537314528270247716851961494508560096254046920791153852976042929382502099621802726804046313778209574373911395999176481293870109127413402517255819818269636248518597733555905043494938262062136565560546403162667428244869966068276047138795706536048328560,0.00159077898079034055074160976513533819718882489177373836051856346440347357791483259059888177797710092077595830511844737983906285100687312147027052238214737639533432774229835856418139383888358133440990039030802770954525422723439367180472174425146820075324427196439661865471173691469878180823282950359644567252226562687797148886105199563100515400247110007633648257597201143016351430022789021320322342298432259967737141047313500590443259698692663905453849546944451461228921319824845756145108619744400755847887024520488298236684558263114678186617313390490261475284480519929629305646682775277553089094679083,0.0,0.0,0.0,0.0,0.0,0.0,0.0,0.0,0.0,0.0,0.0,0.0,0.0,0.0,0.0,0.0,0.0,0.0,0.0,0.0,0.0,0.0,0.0,0.0,0.0,0.0,0.0,0.0,0.0,0.0,0.0,0.0,0.0,0.0,0.0,0.0,0.0,0.0,0.0,0.0,0.0,0.0,0.0,0.0
0.0,0.0,0.0,0.0,0.00159077898079034055074160976513533819718882489177373836051856346440347357791483259059888177797710092077595830511844737983906285100687312147027052238214737639533432774229835856418139383888358133440990039030802770954525422723439367180472174425146820075324427196439661865471173691469878180823282950359644567252226562687797148886105199563100515400247110007633648257597201143016351430022789021320322342298432259967737141047313500590443259698692663905453849546944451461228921319824845756145108619744400755847887024520488298236684558263114678186617313390490261475284480519929629305646682775277553089094679083,0.00260603448762249138011368324853021621671054138663887095130648414502805861478029271035477389004079860914305739228472720939639907070399531775891666065106610298405136582425691211264245007627917321912107030292983791610703938339518951765458995371149245445697716013143643630385894922040740706693672852503240101453949658003330714713276799973051636703186409471222663352148232106683840149227815888906111411555773553461994299559010724298546462373216370568381641511154049396043546859042218030990426768919827137770194063667302704034892353032494922711029743764395975337906718730602102079054479600188908562970386287,0.00107378170568078719380139640710622483424703843468921715805692914790513828455932782571210605035303752956138362249292227176116477821122624136722426168903518385465669711564771894582559194890058208026671526144469361754534464992885785474097838339999620426051809655688440471526928819507435035709270349270351986224694556194983374439503560987699146400869362662931290756961010054904536613122436643578410433299795469774614140141650201045564877365272205862251082365274593927083153441421248009441281262173890695539981013464518980237417181428934622717072824516853952773630795449832500043818782683616004353232668058,0.0,0.0,0.0,0.0,0.0,0.0,0.0,0.0,0.0,0.0,0.0,0.0,0.0,0.0,0.0,0.0,0.0,0.0,0.0,0.0,0.0,0.0,0.0,0.0,0.0,0.0,0.0,0.0,0.0,0.0,0.0,0.0,0.0,0.0,0.0,0.0,0.0,0.0,0.0,0.0,0.0,0.0,0.0
0.0,0.0,0.0,0.0,0.0,0.00107378170568078719380139640710622483424703843468921715805692914790513828455932782571210605035303752956138362249292227176116477821122624136722426168903518385465669711564771894582559194890058208026671526144469361754534464992885785474097838339999620426051809655688440471526928819507435035709270349270351986224694556194983374439503560987699146400869362662931290756961010054904536613122436643578410433299795469774614140141650201045564877365272205862251082365274593927083153441421248009441281262173890695539981013464518980237417181428934622717072824516853952773630795449832500043818782683616004353232668058,0.00194453474763853363096903090581563481521817624615051231851835112744038027775912433419422736220441303967475328201993109856949766959675031739363118584258233712526610844672434343342174934414914453537138469340603847930758922193130874544211200826586043715315669303978578317750134493580372956905721252300025748854113067115146933234182769040543300472578851774664787236194673123064577003298982481611381185538183444935606025222101450500114342825927328091464887277563130227753639613182577719712511248216845592536446648410873927659873613050093234614218383762202025512267795616745903928956980116143284904746062394,0.000954524029737315632909090294321403364320678173122002067352486631749780055845081426228199532456210446906101193560786614070775103458191561187832668701662699836993543985824448528964701746656019142067321673040354706952603662148559246430917198000565890537597405964349342859378871536996803199391481557628184780523330411789055482311857445354023027611906604247239251347943121299796980776501876080144237586335732982959301962986789378140529913483351135998442898533843169939432124605455234222834319986445925881681622266607221386876612501482562021824584802577817534376593955893445608247520402021624792165456734384,0.0,0.0,0.0,0.0,0.0,0.0,0.0,0.0,0.0,0.0,0.0,0.0,0.0,0.0,0.0,0.0,0.0,0.0,0.0,0.0,0.0,0.0,0.0,0.0,0.0,0.0,0.0,0.0,0.0,0.0,0.0,0.0,0.0,0.0,0.0,0.0,0.0,0.0,0.0,0.0,0.0,0.0
0.0,0.0,0.0,0.0,0.0,0.0,0.000954524029737315632909090294321403364320678173122002067352486631749780055845081426228199532456210446906101193560786614070775103458191561187832668701662699836993543985824448528964701746656019142067321673040354706952603662148559246430917198000565890537597405964349342859378871536996803199391481557628184780523330411789055482311857445354023027611906604247239251347943121299796980776501876080144237586335732982959301962986789378140529913483351135998442898533843169939432124605455234222834319986445925881681622266607221386876612501482562021824584802577817534376593955893445608247520402021624792165456734384,0.00193977352174508628367295873610848031896509545641387618394273085107543185611333868114551579871043047662961769749960643596195914656717589596590169361893964995018911079848552975972350530147566645316369546037394616125794690216361334382753074772699912876724024166641859767298338640449276534845366381875033329573616838858502196418473290308914630532225946029943070383073944072768509057611375894438606488733494946236247183015996510622258962746903727576914055243439387366622432948637682474009440157214985608106515522059774879871788187881387308327536786788957377627633245220420267344280925443572298881975105389,0.000913452861541868606045622470117303016761861857545403865577424449703942858977047180928100981368692347934899876628393771692528069646643786618789836902040737139197304242736505443976844883663394858481778448968227798134310200998598345708508640880322419623840392371943438074795113220815532569563295290302521889374708618659999974115482398647736604920951265108378308015994102558473436435554468837032604374076864824943776988366491164753451204519200974115970020118359240678884290117719754096473786678717502145323209350225270976163692952497798537839873607450587789383619476033102873886294542676253756300016592485,0.0,0.0,0.0,0.0,0.0,0.0,0.0,0.0,0.0,0.0,0.0,0.0,0.0,0.0,0.0,0.0,0.0,0.0,0.0,0.0,0.0,0.0,0.0,0.0,0.0,0.0,0.0,0.0,0.0,0.0,0.0,0.0,0.0,0.0,0.0,0.0,0.0,0.0,0.0,0.0,0.0
0.0,0.0,0.0,0.0,0.0,0.0,0.0,0.000913452861541868606045622470117303016761861857545403865577424449703942858977047180928100981368692347934899876628393771692528069646643786618789836902040737139197304242736505443976844883663394858481778448968227798134310200998598345708508640880322419623840392371943438074795113220815532569563295290302521889374708618659999974115482398647736604920951265108378308015994102558473436435554468837032604374076864824943776988366491164753451204519200974115970020118359240678884290117719754096473786678717502145323209350225270976163692952497798537839873607450587789383619476033102873886294542676253756300016592485,0.00157261737304826831529423020563150163716331414280738661982758941463323056673080218232257112896118771866907312057234654768066156273799129672549605369223156439670125553582099845540112997672436150527265229098175529644278414182868729461676841426177983621072043594576859451254270723038671374553980129895363838709465464180364106243198480375534538543546656906262708807802535269870615016018589914619743026357352777963334802944487214754356381102368841628649707295306832985621347452862500257562936564492814702140496193495571813789885023613172475855703892147800767897878506387305597117655452170474684165886645635,0.000657380366165929675701172283350772350678936183203556943471134616130645057796404685865428081723328658070659681131634164493141799883100254165401185772658187628526977269148963898666640799187881573877495991838470276772330764407405147184060988669723588007219296883592384090429260602569389244977542352949212437516087612625340101801154151610379242736033502647090475256222475160595873047115984972591795222153485840368468296676608688971597155924536504788622165638949291187344807897796519216858152502940587583438232758828948458982727297406380775616794121111436016953305889077609249989101835940342333564927401621,0.0,0.0,0.0,0.0,0.0,0.0,0.0,0.0,0.0,0.0,0.0,0.0,0.0,0.0,0.0,0.0,0.0,0.0,0.0,0.0,0.0,0.0,0.0,0.0,0.0,0.0,0.0,0.0,0.0,0.0,0.0,0.0,0.0,0.0,0.0,0.0,0.0,0.0,0.0,0.0
0.0,0.0,0.0,0.0,0.0,0.0,0.0,0.0,0.000657380366165929675701172283350772350678936183203556943471134616130645057796404685865428081723328658070659681131634164493141799883100254165401185772658187628526977269148963898666640799187881573877495991838470276772330764407405147184060988669723588007219296883592384090429260602569389244977542352949212437516087612625340101801154151610379242736033502647090475256222475160595873047115984972591795222153485840368468296676608688971597155924536504788622165638949291187344807897796519216858152502940587583438232758828948458982727297406380775616794121111436016953305889077609249989101835940342333564927401621,0.00118641157736931239615645021038800545760518126773958125717215801330724688459542104122750294334881931923261277597963378380731983711096817511229610974749186209265228273739269991576306534399112672238385013231254602125974816048830426418733619387623687877874218844095101997485340337747558110069931945880705536093851928883369882516453202073550097214398224326382241102558032612267504425823608318683836802821128792640184881682308832507405034394857390735716151023113671115331523338863819546634409530481310695829344976332201092323063636494689881325003200560678527162449454121973973238440270310444108345016489452,0.000574619282835106050181234920250060163439884613284486241798614828678795174214153371904710362387077314082875406951041235753029168050229097415887880254547538586606112310407856952307941312594089090355569763889011284630301808987844222927837759251779357036045206890120765669155542982663560451648633811020902625722169416489425865468056091937212552476740014925243369767208970659808271507710799048532860780963621549628997996694794477605955521332619899580526729272652357286782868710151045132974234182358146430624946986998771056080879091636873248086186159227625376946060693343374638421824932084199414539973120183,0.0,0.0,0.0,0.0,0.0,0.0,0.0,0.0,0.0,0.0,0.0,0.0,0.0,0.0,0.0,0.0,0.0,0.0,0.0,0.0,0.0,0.0,0.0,0.0,0.0,0.0,0.0,0.0,0.0,0.0,0.0,0.0,0.0,0.0,0.0,0.0,0.0,0.0,0.0
0.0,0.0,0.0,0.0,0.0,0.0,0.0,0.0,0.0,0.000574619282835106050181234920250060163439884613284486241798614828678795174214153371904710362387077314082875406951041235753029168050229097415887880254547538586606112310407856952307941312594089090355569763889011284630301808987844222927837759251779357036045206890120765669155542982663560451648633811020902625722169416489425865468056091937212552476740014925243369767208970659808271507710799048532860780963621549628997996694794477605955521332619899580526729272652357286782868710151045132974234182358146430624946986998771056080879091636873248086186159227625376946060693343374638421824932084199414539973120183,0.00113808978358327954076718625600933989184963763910963587181527612549200136856625748565159588532596983406166638412449513287814130203556867278881368737486721912755983490307111895967639505876973297312200217187989545122857911723139248120814260085359100148159823653483178091598445741519976609007298624390596405547131720865177029862764363170681940322361940671511488813863358208940745782918035956588985347570008058145873324959807867091043426988900838994526873271404042263496538371943701646338896600832605112832590158441455845124646816661641877249338238748543277689859146059086460770555175606645543044878954418,0.000542972277755305086296070440790534332297450032188605726161535234062521857731062950082571512065092567148626314369600768891839341819457633462740726064629955218469248474882514195209957470042019660704706053583553469951051567505376935865440966793148786437636647835969283700641661905316356493050346354496755374208467317973933128232593529676552106297426894718581581947282767665264202287822205851717650826292322648161129240931746574093944078323737279953685047225182762876375270630165311924758886354456881698154272726859555552454272895411005079869087593957066355361241545135430694559375755253973308130536744477,0.0,0.0,0.0,0.0,0.0,0.0,0.0,0.0,0.0,0.0,0.0,0.0,0.0,0.0,0.0,0.0,0.0,0.0,0.0,0.0,0.0,0.0,0.0,0.0,0.0,0.0,0.0,0.0,0.0,0.0,0.0,0.0,0.0,0.0,0.0,0.0,0.0,0.0
0.0,0.0,0.0,0.0,0.0,0.0,0.0,0.0,0.0,0.0,0.000542972277755305086296070440790534332297450032188605726161535234062521857731062950082571512065092567148626314369600768891839341819457633462740726064629955218469248474882514195209957470042019660704706053583553469951051567505376935865440966793148786437636647835969283700641661905316356493050346354496755374208467317973933128232593529676552106297426894718581581947282767665264202287822205851717650826292322648161129240931746574093944078323737279953685047225182762876375270630165311924758886354456881698154272726859555552454272895411005079869087593957066355361241545135430694559375755253973308130536744477,0.00101187436406806792411859324222305157055885095542897689391154735186819144859981329449227732118767535376581807176579702234689398938183952986020908818579855212296897112977384815019724225148682626102211267258602092652227311785281114332462603278256202589784745242252701660571092380045593760733418655393643419571540817248661301413590277918302591624922404802799265867532966922441669795119780070815885680874230459572975091865577160202750218339113006038308439139347804188942558186480368773280038781444811997875412313605545817176846899759165332341887785232258652761396832193014173208660605718298879284231176611,0.000481056285091478146451462093557515818988734973446623914250023856696566261396845420367776919688778458787840023019340474390308683379333294622758324425997206513196330856116365357378197499444016119456617783629468529985143300095833355975309061971752453530890942513259723715647437965951942977113566483254487140562576281565091196000403181678342979161971978053362181356034080389118572947637147716557978716581036111325625152018155863636793632927706710802869427135991669619841080305527940660916726405497028292207015213099906570655031817241603003361557617255647679674749486754793265987024055147552963188584534778,0.0,0.0,0.0,0.0,0.0,0.0,0.0,0.0,0.0,0.0,0.0,0.0,0.0,0.0,0.0,0.0,0.0,0.0,0.0,0.0,0.0,0.0,0.0,0.0,0.0,0.0,0.0,0.0,0.0,0.0,0.0,0.0,0.0,0.0,0.0,0.0,0.0
0.0,0.0,0.0,0.0,0.0,0.0,0.0,0.0,0.0,0.0,0.0,0.000481056285091478146451462093557515818988734973446623914250023856696566261396845420367776919688778458787840023019340474390308683379333294622758324425997206513196330856116365357378197499444016119456617783629468529985143300095833355975309061971752453530890942513259723715647437965951942977113566483254487140562576281565091196000403181678342979161971978053362181356034080389118572947637147716557978716581036111325625152018155863636793632927706710802869427135991669619841080305527940660916726405497028292207015213099906570655031817241603003361557617255647679674749486754793265987024055147552963188584534778,0.000941790553751834708121404962016306847248261944604342752329285897282697683099895558271411504869640178038753724535158475519201042595265353514678882877448465319441783685040139736205738101147386725491218795200159038229218418818617080547801236196963535883358792598590778599766186263606486901611081407306090306820561345450625304494404595348504387167458402282650250774180714345551812012480655693631940935788316534335560524308489772501031633839263052978515328101642612752901390405295399688911651607333070049071621243448150314337548624177982547003502862988488812148031389342488835067014270458522525475908287855,0.000444218206419331803618493552754801007327230050452410242567154943548305580024212150811850691724541034292004227031434219762410970161773830727284159159185243505632852150414285110923848193517389785619810085556524510823809330636076995832457358710886577311794427067994081173694416664449095844672115597980951947108588006770845998989118164973103465355643379626820908981443656152223479743583203151531072178196019238354932131864531603820808826115521302433520220820911808110575622401444399750698267073155235216997518433696674435872849825542220126045012852464579476192291681721149177849892277813344800376842308009,0.0,0.0,0.0,0.0,0.0,0.0,0.0,0.0,0.0,0.0,0.0,0.0,0.0,0.0,0.0,0.0,0.0,0.0,0.0,0.0,0.0,0.0,0.0,0.0,0.0,0.0,0.0,0.0,0.0,0.0,0.0,0.0,0.0,0.0,0.0,0.0
0.0,0.0,0.0,0.0,0.0,0.0,0.0,0.0,0.0,0.0,0.0,0.0,0.000444218206419331803618493552754801007327230050452410242567154943548305580024212150811850691724541034292004227031434219762410970161773830727284159159185243505632852150414285110923848193517389785619810085556524510823809330636076995832457358710886577311794427067994081173694416664449095844672115597980951947108588006770845998989118164973103465355643379626820908981443656152223479743583203151531072178196019238354932131864531603820808826115521302433520220820911808110575622401444399750698267073155235216997518433696674435872849825542220126045012852464579476192291681721149177849892277813344800376842308009,0.000784043505673432858724057059618508105025318945245146025378503159129553810123771240843749580297552503794458540750033490525951767590174437990564545358733803776033721749218378492010430054060264924291217159916835625461366378678153110277410142094359724997744243520145647682699578155380666337588727769703361277865697741315620150881467225229078189002301684368702055334159800288849184579990708800626898628549389124011578552080663379042483972804140517836749568156387939863013218146847443633202815526137519016054007665209715024629445355216759715211283060053821643027233763061622415723019619276243587472363928019,0.000336617498130139941458431088522738692851531688188624212198011780588915789752049231512324339545764077953575671816832420923286547921812498911187287362343649979093795291445966210267256371782922557038160478522624783917673370785255509569024259757946588859438784893150116562335376987239408481119435990701173004704497722778160318035460114894495877687176184917873070006363542453873906353614404810927446574997389709966478622073744127879809513239841587964984796905078769004492708789433273137192346179931323048432752519377489406433867332986068204313599265739308542393718555608470618114785585345369298292945185345,0.0,0.0,0.0,0.0,0.0,0.0,0.0,0.0,0.0,0.0,0.0,0.0,0.0,0.0,0.0,0.0,0.0,0.0,0.0,0.0,0.0,0.0,0.0,0.0,0.0,0.0,0.0,0.0,0.0,0.0,0.0,0.0,0.0,0.0,0.0
0.0,0.0,0.0,0.0,0.0,0.0,0.0,0.0,0.0,0.0,0.0,0.0,0.0,0.000336617498130139941458431088522738692851531688188624212198011780588915789752049231512324339545764077953575671816832420923286547921812498911187287362343649979093795291445966210267256371782922557038160478522624783917673370785255509569024259757946588859438784893150116562335376987239408481119435990701173004704497722778160318035460114894495877687176184917873070006363542453873906353614404810927446574997389709966478622073744127879809513239841587964984796905078769004492708789433273137192346179931323048432752519377489406433867332986068204313599265739308542393718555608470618114785585345369298292945185345,0.000618409022822542870144269250321931657196365011281360550141086173407621337913046869185693447181351464330071250737649980288885088922141940899017795074780950892597143605599813856208524262947170653010811406949989648334946251447646143672197793201599580599198686153188427299300077774597479669550554496591609690371973034931966852808823615404649240664819278381245561121975861371562564610335535073186274817526960597313435626909516731976333398044482739584265382747000795553597772764970625146471558198567566584558038304886014090960366899480629521997468713910417118707821155916309128674825614945059609690454346388,0.000312898895584440559380349095886241490383013798982921543087292349167508268001110605745673826313085372934674282483500371384471991931174066173962757779450230499333149999284456298891879360141028756669649668712534004063246648652312286716815507103872066452972737214480933496274013061012005180063133614202360496078911924066304464196656436011663519352700473779596273461216440708186114934739721803166040636287040556946583344603519406053768950746322509618129804819998254392502677752663445899247657420868776616175948459218076941326892719804365321149676598237028134806543140572859298300266598769828466626168225737,0.0,0.0,0.0,0.0,0.0,0.0,0.0,0.0,0.0,0.0,0.0,0.0,0.0,0.0,0.0,0.0,0.0,0.0,0.0,0.0,0.0,0.0,0.0,0.0,0.0,0.0,0.0,0.0,0.0,0.0,0.0,0.0,0.0,0.0
0.0,0.0,0.0,0.0,0.0,0.0,0.0,0.0,0.0,0.0,0.0,0.0,0.0,0.0,0.000312898895584440559380349095886241490383013798982921543087292349167508268001110605745673826313085372934674282483500371384471991931174066173962757779450230499333149999284456298891879360141028756669649668712534004063246648652312286716815507103872066452972737214480933496274013061012005180063133614202360496078911924066304464196656436011663519352700473779596273461216440708186114934739721803166040636287040556946583344603519406053768950746322509618129804819998254392502677752663445899247657420868776616175948459218076941326892719804365321149676598237028134806543140572859298300266598769828466626168225737,0.000671186884358619433008668911839432161811281204708101080574652589130418242439679728024262044022995705969767668783936775806110642853975700982113192894132309036776909178816429824886377604049220020442550637043375403382118593159856110434632766725414358209982522888867592547916687349693090872042124730442739641551506944032736192299599460287088995766653620405655473138318218795361629733400013732604482169635321507463134742510118323412058531940399614655477989506701234671288580554798357289998948999647080944432711671908561625763447280958601935445024064724092817261602519217970195373312534913570935520198189654,0.000344835460140075309924852340127783922464698095507387378473256153460612952152975709684465587548313001678353682736535562163104600348890237111944500151298037015660825961148758734529839409210593110211696130762736040459410860875765034084538821451361051764270138312742256635395087860174616551956428864223556842796493018887517144185247095965978767776084548036036053911786706156012309150007934511401669625602766751615486029660609501283581169680305463220850572046184753452440262956594789560414648510646850621035266391773429617864477187303409791554360031771899794317872676217076519757524762109856636924174747127,0.0,0.0,0.0,0.0,0.0,0.0,0.0,0.0,0.0,0.0,0.0,0.0,0.0,0.0,0.0,0.0,0.0,0.0,0.0,0.0,0.0,0.0,0.0,0.0,0.0,0.0,0.0,0.0,0.0,0.0,0.0,0.0,0.0
0.0,0.0,0.0,0.0,0.0,0.0,0.0,0.0,0.0,0.0,0.0,0.0,0.0,0.0,0.0,0.000344835460140075309924852340127783922464698095507387378473256153460612952152975709684465587548313001678353682736535562163104600348890237111944500151298037015660825961148758734529839409210593110211696130762736040459410860875765034084538821451361051764270138312742256635395087860174616551956428864223556842796493018887517144185247095965978767776084548036036053911786706156012309150007934511401669625602766751615486029660609501283581169680305463220850572046184753452440262956594789560414648510646850621035266391773429617864477187303409791554360031771899794317872676217076519757524762109856636924174747127,0.000650356705875923839791232535924541821746299109069253271418840090855194122954577418574954280109181989048738644015633965120666045308192111279494007119888963745450304273458976294376223884518950069035197951695928399052868519569337327989230322585401453996381969201283279233822924865098482645969965247710867500839787546114410655782846573103593912221291785935783616753160546737445093540967707806554059958048632434552564639078366419520167967431817546514680695256098508395674026010776572427193948395380963076652239271947111770178335895706554425490593387282622926266008913194425367246713406937419890708518058502,0.000295600509926625204989835277768710357570493270741470096144148151524258873257391089236400762916910619306878752061815456536103411889801812073725030186011459996078040980525233403671408104686205429461726431856045215183404755156545251788539190561351485769908252919940437130497449201112237447195659716922184230106604848094612730840612830643663080264859646546907465789620238849702743105969391823485611180545889196510859505820087837224379563305775571260305189055803865806205969297744974138456604069402656270324265350967629216223285022320109812348888196794672010152813730124805120714202776801590585296443591158,0.0,0.0,0.0,0.0,0.0,0.0,0.0,0.0,0.0,0.0,0.0,0.0,0.0,0.0,0.0,0.0,0.0,0.0,0.0,0.0,0.0,0.0,0.0,0.0,0.0,0.0,0.0,0.0,0.0,0.0,0.0,0.0
0.0,0.0,0.0,0.0,0.0,0.0,0.0,0.0,0.0,0.0,0.0,0.0,0.0,0.0,0.0,0.0,0.000295600509926625204989835277768710357570493270741470096144148151524258873257391089236400762916910619306878752061815456536103411889801812073725030186011459996078040980525233403671408104686205429461726431856045215183404755156545251788539190561351485769908252919940437130497449201112237447195659716922184230106604848094612730840612830643663080264859646546907465789620238849702743105969391823485611180545889196510859505820087837224379563305775571260305189055803865806205969297744974138456604069402656270324265350967629216223285022320109812348888196794672010152813730124805120714202776801590585296443591158,0.000553910270148745003180731020749231015328571548720112888005940140898995092976487852189174294352776001872996161182198684450510794334415211886857696970263873915341126292988738251714020970449964327538254653717967219675044475730856064185533005122977653367851933755638332295838824850162453116599008519928935830457652492464660161244203612832095436226315308941115286138687564557051572999467432618106404577043408488873369329315153729801425838688533237221676892506217594712619240233721160228950459499863313451391291341691879739070667821527475438675906828431017942275218990004861037412452172152253921407177907002,0.000262990974616690929578213629043376021035595801181126391396040597286786312454116565585541501743234684214503313076030112369317070909332492545757239718383029118066213135921292587582641311875631613830273086159124862321402021682296784556747351446180295577596898335319342445966034513343510278433360167743695380143159113874068103539293783849777350397261212399324854014856874990778390823417607987657490385719736893407790474804515985954590597173794303481953080851376822902826145558694706791965506417417321948566714100961767653082978262531205481694294627160833588732000906762323140169745993025252589275635097283,0.0,0.0,0.0,0.0,0.0,0.0,0.0,0.0,0.0,0.0,0.0,0.0,0.0,0.0,0.0,0.0,0.0,0.0,0.0,0.0,0.0,0.0,0.0,0.0,0.0,0.0,0.0,0.0,0.0,0.0,0.0
0.0,0.0,0.0,0.0,0.0,0.0,0.0,0.0,0.0,0.0,0.0,0.0,0.0,0.0,0.0,0.0,0.0,0.000262990974616690929578213629043376021035595801181126391396040597286786312454116565585541501743234684214503313076030112369317070909332492545757239718383029118066213135921292587582641311875631613830273086159124862321402021682296784556747351446180295577596898335319342445966034513343510278433360167743695380143159113874068103539293783849777350397261212399324854014856874990778390823417607987657490385719736893407790474804515985954590597173794303481953080851376822902826145558694706791965506417417321948566714100961767653082978262531205481694294627160833588732000906762323140169745993025252589275635097283,0.000492881688013579747859465896790218798600089689674696011000591375270176940751874119568163868626181970424475296773610019563719070393413109861502653438966231646653692404990433082982558314236392287405817070021828439141639345885095051259334456693021356729028320044730270997740907797413699591735339030740973285933377525406768783660007813422243871203739871695462213288512479513244103786279816270385323209733966839941648031286039741799694637991883341227592173182986708879775559806248780085040957096695306692953460643383059406760672999093893097642486937359944620160757916401282730004842125610170455840143665230,0.000232387294091922351525504758324157975811093253450629806245282813107314493763094649307516926374668298842769631309804877772612233685623680118878373706540651165764622217597496883919704725190137078779347438036133918625418234161556396926218392916342315091848708322062395370481475447350430795117173874445686914187986266317364050260866225394652841922818559011030286547572182346461317216598763551004549931090389529885865160098021848180354102966196185517588636792049057900528899310678043142483656975792786360331315846183901486353669976768966260265055139905799026338011671085698143570739870300281424299113436294,0.0,0.0,0.0,0.0,0.0,0.0,0.0,0.0,0.0,0.0,0.0,0.0,0.0,0.0,0.0,0.0,0.0,0.0,0.0,0.0,0.0,0.0,0.0,0.0,0.0,0.0,0.0,0.0,0.0,0.0
0.0,0.0,0.0,0.0,0.0,0.0,0.0,0.0,0.0,0.0,0.0,0.0,0.0,0.0,0.0,0.0,0.0,0.0,0.000232387294091922351525504758324157975811093253450629806245282813107314493763094649307516926374668298842769631309804877772612233685623680118878373706540651165764622217597496883919704725190137078779347438036133918625418234161556396926218392916342315091848708322062395370481475447350430795117173874445686914187986266317364050260866225394652841922818559011030286547572182346461317216598763551004549931090389529885865160098021848180354102966196185517588636792049057900528899310678043142483656975792786360331315846183901486353669976768966260265055139905799026338011671085698143570739870300281424299113436294,0.000461733898309804836116503317517815517459258904255647558378996130448566090585915422674721080316531086961070044123702803653918744253962887713757818347343524406939615951445133932484072983445489744655819791229602917725497470717779975738388710758268294333591262491672230575675032637415840071212608441104941833880657663928364635734271551871587087920806696577192441538716762936290838732743766796409363131077507495791224583569863746213011739787528416002339547513823688018603029763450837559283025051546498575363886203079261726149098945701632229615684216831504265882952124541420415380627552725503172930759817332,0.000236873124045804228863868672315556529045408120299759652360111911860945325853438540581070519599162609644645959342029194226218022347313099609554003172152733046117111611506876986665844364425289613600887049774493147149347756343612863081052978229238640289183209512306843846784740410941997460472999980292564319459576048850663172604496082270220259937073390173224452870538739153041269273898835225491511269421071991248877670501989707245432868395704875250955109491685614478746190316252258520979614663203120770596639308970971081615240205903789847837784267912605315923259605957791673358477826972622130026606802543,0.0,0.0,0.0,0.0,0.0,0.0,0.0,0.0,0.0,0.0,0.0,0.0,0.0,0.0,0.0,0.0,0.0,0.0,0.0,0.0,0.0,0.0,0.0,0.0,0.0,0.0,0.0,0.0,0.0
0.0,0.0,0.0,0.0,0.0,0.0,0.0,0.0,0.0,0.0,0.0,0.0,0.0,0.0,0.0,0.0,0.0,0.0,0.0,0.000236873124045804228863868672315556529045408120299759652360111911860945325853438540581070519599162609644645959342029194226218022347313099609554003172152733046117111611506876986665844364425289613600887049774493147149347756343612863081052978229238640289183209512306843846784740410941997460472999980292564319459576048850663172604496082270220259937073390173224452870538739153041269273898835225491511269421071991248877670501989707245432868395704875250955109491685614478746190316252258520979614663203120770596639308970971081615240205903789847837784267912605315923259605957791673358477826972622130026606802543,0.000467824838543971447010365431937874782906901191133895794479923883842390343805823381018633328524594594414262840358499178606191658241129116414557830539322129316546244016637100710198304822286549627620858955500171683388816103905349407168412268219654245292896824418926820002574780156367758921454142324577125381564520152692549337670864360120134518673162579156069019493958135488940028788549243931350039460107395771665736742412659477796475094697558325041712962624930279659206505011631245329214645937624265094234994358092190746867410540850680349776174299580506151647602318998985577314289382183872881806423768789,0.000216989361495248046618680618389258405846339400450416306781908976304640449628886198876706070699210801621015786310412846995759775606744124913548174304654142827700576080584937781504841333958058631012772290034885319127972695435880766026578816375001556339614700959068406700225296029715990412635601796962915369774995900502741688359473575132502067803664254077439156901841413785856037283362588544942181474453215714141402441431004061249557678406232486080644752326866292862730828081436321542340745251205394605126732015558404725104176649548803674388679878419967962522618097144055122718759361647016678423876573297,0.0,0.0,0.0,0.0,0.0,0.0,0.0,0.0,0.0,0.0,0.0,0.0,0.0,0.0,0.0,0.0,0.0,0.0,0.0,0.0,0.0,0.0,0.0,0.0,0.0,0.0,0.0,0.0
0.0,0.0,0.0,0.0,0.0,0.0,0.0,0.0,0.0,0.0,0.0,0.0,0.0,0.0,0.0,0.0,0.0,0.0,0.0,0.0,0.000216989361495248046618680618389258405846339400450416306781908976304640449628886198876706070699210801621015786310412846995759775606744124913548174304654142827700576080584937781504841333958058631012772290034885319127972695435880766026578816375001556339614700959068406700225296029715990412635601796962915369774995900502741688359473575132502067803664254077439156901841413785856037283362588544942181474453215714141402441431004061249557678406232486080644752326866292862730828081436321542340745251205394605126732015558404725104176649548803674388679878419967962522618097144055122718759361647016678423876573297,0.000405281769807702133413563631545784771058686254479292473234128304147974592023933411529009452741024335597875670927548842329432419002015048114276387865790070857878116180336795784559690693861326875328649547306811577750090388153069840014845911507286001702674272937003603818005972844149861240121978511367680465388835286618874670164256773473062153298510174146372609222174032379087757367792248186392064677312491207543468675166163988886810354054399846427995812959665487208061791927795598400367230985854034976331798873138322222509157810492213949405937491164097523988648636309379950496302915195605537353056382297,0.000200249148107025250341619863733902366058188171203158345880878368325179326679686900549614756282258643359978488422720381280943939575394618837379125262791050412988326316969427509544141782693132251757340179760417089361052488837762998693979413212096720264204952118394872730286801177811249373795562112502479482892413437724183608168742847875689341919129143671645160182276839714151608287601994503000732631696943436156039972351082629255598508160990300901465955901318931956730224292728429412620422395393853414436866654013462627520894626035623620456843457301499750313119073432404517417221640779707020617950578836,0.0,0.0,0.0,0.0,0.0,0.0,0.0,0.0,0.0,0.0,0.0,0.0,0.0,0.0,0.0,0.0,0.0,0.0,0.0,0.0,0.0,0.0,0.0,0.0,0.0,0.0,0.0
0.0,0.0,0.0,0.0,0.0,0.0,0.0,0.0,0.0,0.0,0.0,0.0,0.0,0.0,0.0,0.0,0.0,0.0,0.0,0.0,0.0,0.000200249148107025250341619863733902366058188171203158345880878368325179326679686900549614756282258643359978488422720381280943939575394618837379125262791050412988326316969427509544141782693132251757340179760417089361052488837762998693979413212096720264204952118394872730286801177811249373795562112502479482892413437724183608168742847875689341919129143671645160182276839714151608287601994503000732631696943436156039972351082629255598508160990300901465955901318931956730224292728429412620422395393853414436866654013462627520894626035623620456843457301499750313119073432404517417221640779707020617950578836,0.000400328867029789426784669518519500036645565649956272570077366760717720048461025467851655789418416118676093007406524090247054905277743814253809508766753205005192838316998609045754939064469210255065028048416368702058525883887832238442569412451137334545580625507664874064689498777217191189764523887205538689725859389052726277386218938085116021677568091685434950124589868242016508167970430931189834074766395868480752924190889387647567957252660091630610509129238123205309158989176559810275095980194868044501511463831660291235974349371147677351171826611800056015053439845108650737507749146836182620246638677,0.000187922525771316241548064440048006898637336302895147137947536330260294093354332993573175195158244813958877458761951297896306726629251190814513986672247619698959776622134561648760630141336458963267758299695857982382418336739509190368082320677289095678302594543758767129724197697754694902529415589920598455216544521119810936366763016325664900481145214885024355117067794083980124569643450240991994571543585057207626272636868477393729878994308463281002358258431677563758048856450367814583246555218349009144596922920058211699269821679154223797297622463041948742837144594006882857766485457938898090487574524,0.0,0.0,0.0,0.0,0.0,0.0,0.0,0.0,0.0,0.0,0.0,0.0,0.0,0.0,0.0,0.0,0.0,0.0,0.0,0.0,0.0,0.0,0.0,0.0,0.0,0.0
0.0,0.0,0.0,0.0,0.0,0.0,0.0,0.0,0.0,0.0,0.0,0.0,0.0,0.0,0.0,0.0,0.0,0.0,0.0,0.0,0.0,0.0,0.000187922525771316241548064440048006898637336302895147137947536330260294093354332993573175195158244813958877458761951297896306726629251190814513986672247619698959776622134561648760630141336458963267758299695857982382418336739509190368082320677289095678302594543758767129724197697754694902529415589920598455216544521119810936366763016325664900481145214885024355117067794083980124569643450240991994571543585057207626272636868477393729878994308463281002358258431677563758048856450367814583246555218349009144596922920058211699269821679154223797297622463041948742837144594006882857766485457938898090487574524,0.000337521342205613584910971979535038539745115823950246190102243641810505811296775145278535932029692924639604063137659529378642731956091323107217266597113057911529269222598535836891848662317619411124324344948889353764903241270313894168301526627554913142330863694954268617803586322815363897178281385156724699644293483852702408353384124482408383766774999616434199514871936990322753666740358903693631459555023947520444746449112481292462163864095251910381184338036749238899379302778526479089868151031007731996955793353029714170206359571145820521619962599304008927915618886606792700998959220587070599158297797,0.000156784037769152945698428987340240923688001574613553865073943512250472985949343466921277252812380107463675140110959078516837509133634900748483787381497749273543456142458669493842055882000997494364780991113289914920585051034759566562562254299540250227588430468456297052518710115317650406195768687454459748240534964102519302786984323843086347430357949997892267059171160617708548928913449374712066506051681866445766282975730969016334948154071860957003085288042925139340167346429591039764548595474146516790154408016959825981671015694183270711240012543622098428025074213159111371011426591699610169534150899,0.0,0.0,0.0,0.0,0.0,0.0,0.0,0.0,0.0,0.0,0.0,0.0,0.0,0.0,0.0,0.0,0.0,0.0,0.0,0.0,0.0,0.0,0.0,0.0,0.0
0.0,0.0,0.0,0.0,0.0,0.0,0.0,0.0,0.0,0.0,0.0,0.0,0.0,0.0,0.0,0.0,0.0,0.0,0.0,0.0,0.0,0.0,0.0,0.000156784037769152945698428987340240923688001574613553865073943512250472985949343466921277252812380107463675140110959078516837509133634900748483787381497749273543456142458669493842055882000997494364780991113289914920585051034759566562562254299540250227588430468456297052518710115317650406195768687454459748240534964102519302786984323843086347430357949997892267059171160617708548928913449374712066506051681866445766282975730969016334948154071860957003085288042925139340167346429591039764548595474146516790154408016959825981671015694183270711240012543622098428025074213159111371011426591699610169534150899,0.000316651119836241262099256385476480268594063060682489264835875897103042621213413972817246623922240469996407615337142355067547354024572454252825830581799040654442131630618962169288931446640684821421388028820752813869992140819257372113233427590320194728233459673298298046759094956565058438508187621516245678764837116274598479561341859791937818342944505109867083248301687066389399807966571619108940454342178638219624753031083048410687073477579185591743494194527918935171601822234627538102952952364205006631983780819135848531541780496657903383986460427630201427185167158105693524659303998310535776861977122,0.000166516655733614559252783645795969368407742579587050861610016863824145430306687137116139514036063377516017362594247748592819546938857334864658078693980055664403852330649448984458351334643754375245029535697605604251683516009260236800400127666497839942479658032775911242481332053137103528867969159256840113623806589702928001938818967258991977318000837588798433262950942408581349891478200755588407698927486007296847565769344037934170789628585546680037063399061738591663524869073514634351243078009394878810258920184507266654596916456301047922704316266027896911425102748739607432373912034328961385359187440,0.0,0.0,0.0,0.0,0.0,0.0,0.0,0.0,0.0,0.0,0.0,0.0,0.0,0.0,0.0,0.0,0.0,0.0,0.0,0.0,0.0,0.0,0.0,0.0
0.0,0.0,0.0,0.0,0.0,0.0,0.0,0.0,0.0,0.0,0.0,0.0,0.0,0.0,0.0,0.0,0.0,0.0,0.0,0.0,0.0,0.0,0.0,0.0,0.000166516655733614559252783645795969368407742579587050861610016863824145430306687137116139514036063377516017362594247748592819546938857334864658078693980055664403852330649448984458351334643754375245029535697605604251683516009260236800400127666497839942479658032775911242481332053137103528867969159256840113623806589702928001938818967258991977318000837588798433262950942408581349891478200755588407698927486007296847565769344037934170789628585546680037063399061738591663524869073514634351243078009394878810258920184507266654596916456301047922704316266027896911425102748739607432373912034328961385359187440,0.000340971760997051403066027891313363794975760923033067715892412739222286487935219891115435631064668194082879686917280465962566514540431000793446863216648698286493095588928641037184571131743483420183720695456459670462137770772092899173856080538895354651857313925700967290740639316990285772270739750598646213052291600469081152984888568191347596071274228916023032062726642651948157386242891556270730274376095303562329351796753249943128367094589821618733691789110785091238454905086787498895661502210083102256293930084081249303541646842664182637705665109665236527031061599898661622978972403423437611694142948,0.000166054290677686458350417827626528106929320506370642459300231523527631288986506664149323894907139553705208255637077778175207215570922441792567792335816318655448072867200994330173808052628110173403976877443131123362501274515829375395018728525805486946753086527497842119653794115055550796485066534725978991298507556689789961364598393402515660970380920498019743850240486620772918257858861426138469145267840860926028681755833121876425316323314024147886754449184838193858173052329446062210738859150819948944593250319689127705845853711212506726224416287329503923084535008208943875489246486035267631284251500,0.0,0.0,0.0,0.0,0.0,0.0,0.0,0.0,0.0,0.0,0.0,0.0,0.0,0.0,0.0,0.0,0.0,0.0,0.0,0.0,0.0,0.0,0.0
0.0,0.0,0.0,0.0,0.0,0.0,0.0,0.0,0.0,0.0,0.0,0.0,0.0,0.0,0.0,0.0,0.0,0.0,0.0,0.0,0.0,0.0,0.0,0.0,0.0,0.000166054290677686458350417827626528106929320506370642459300231523527631288986506664149323894907139553705208255637077778175207215570922441792567792335816318655448072867200994330173808052628110173403976877443131123362501274515829375395018728525805486946753086527497842119653794115055550796485066534725978991298507556689789961364598393402515660970380920498019743850240486620772918257858861426138469145267840860926028681755833121876425316323314024147886754449184838193858173052329446062210738859150819948944593250319689127705845853711212506726224416287329503923084535008208943875489246486035267631284251500,0.000315411603551989137944683213728651404574645263371026859271211805388261277384983100115310562829788486900603921190367361705912789397077573700208628746445402189460993514818632783880277493794892041795241558951359623735012261367431952980126794240406825961342135938145443466886911230410674431563198647138678934382964671665196686380027701050257347606899746529678943616968547697530111081934086377970117854305532695343701556423897123231999885801176546147402614526307878448016294201545030060044132878380404598712486038828114352708629369551694566520878289063741071256146938931609008759837814587538541744122829861,0.000147106469485163573322413123946643459785053273203344183650151722070635032040213089199537797877928909457827909871387311444285877528918645681108126274988365603339976848158163328098930716301384902486063529095343854568407577465591811897030491125468817164602315424377072478958627887440068865437693146200334360602819386321867263037267595565565959404468928194848151324751300788055168233597425852107285260659485158282880276472845534295631438388394098285024039825380650709185978691620790786077742724613645182687371426497781385088369070700395437759321827545041925250404294338266631392509300227132765213249113028,0.0,0.0,0.0,0.0,0.0,0.0,0.0,0.0,0.0,0.0,0.0,0.0,0.0,0.0,0.0,0.0,0.0,0.0,0.0,0.0,0.0,0.0
0.0,0.0,0.0,0.0,0.0,0.0,0.0,0.0,0.0,0.0,0.0,0.0,0.0,0.0,0.0,0.0,0.0,0.0,0.0,0.0,0.0,0.0,0.0,0.0,0.0,0.0,0.000147106469485163573322413123946643459785053273203344183650151722070635032040213089199537797877928909457827909871387311444285877528918645681108126274988365603339976848158163328098930716301384902486063529095343854568407577465591811897030491125468817164602315424377072478958627887440068865437693146200334360602819386321867263037267595565565959404468928194848151324751300788055168233597425852107285260659485158282880276472845534295631438388394098285024039825380650709185978691620790786077742724613645182687371426497781385088369070700395437759321827545041925250404294338266631392509300227132765213249113028,0.000269769857620467856852677550494307454987155509677093122688510798633196343153894253414092246472447964726628343376426308589263189336483975518597452564162692864643321091327343766571275939511321039316667397516383225087670547712643345456266007312335304240504752635699931345959815218128772449722792254729324077047518859240475082631328987329405394922977185968331684923133093965214397466751873912908724283207612069794492262804350292167454568615209657000058869070373531845232151188958440183410336029437570605006849169912165345244112786045024442031883136075995129031272471380953016601360535021757421300398694483,0.000125191242377011607782861615281491255269877712311719496199038533319418739491661633536906744331236757184923824282409515657905180652084662716845140452235098617231548817225420593363535775854758726816737426613138660443646301236107845892034699369508050984823231345371157139028945311912245745255692843938025376664532089310659630140723476997338611956229735440049615880703096506673406867620655699103432351324845578456662809851463515189391851157613818340494831175615129122329071481963325300470141892214491734349215555311066788281970710184482601960943897141262782514738484549955766259843254845171315879356544557,0.0,0.0,0.0,0.0,0.0,0.0,0.0,0.0,0.0,0.0,0.0,0.0,0.0,0.0,0.0,0.0,0.0,0.0,0.0,0.0,0.0
0.0,0.0,0.0,0.0,0.0,0.0,0.0,0.0,0.0,0.0,0.0,0.0,0.0,0.0,0.0,0.0,0.0,0.0,0.0,0.0,0.0,0.0,0.0,0.0,0.0,0.0,0.0,0.000125191242377011607782861615281491255269877712311719496199038533319418739491661633536906744331236757184923824282409515657905180652084662716845140452235098617231548817225420593363535775854758726816737426613138660443646301236107845892034699369508050984823231345371157139028945311912245745255692843938025376664532089310659630140723476997338611956229735440049615880703096506673406867620655699103432351324845578456662809851463515189391851157613818340494831175615129122329071481963325300470141892214491734349215555311066788281970710184482601960943897141262782514738484549955766259843254845171315879356544557,0.000248739713624064975184263505972104705843573424755260387425803727408707917156521247222519649484454238102201695397828909643639278969336645650137949218033276454626580051719524450487715883466221476098182285767889732133134038019454482654881204593584275591338009710952095888226731493407974877995283652434534653909429244601575400094693841498837704209934410782263191914642944740511045789700551662823793787564168378821759616165044718489394906653646683833942245246507157584272956147678101903212399577810115751150499967375706842431284294403757614797486672085033357271065322896568909593559832418669990944441556901,0.000131467883954152174586767187059759972052855788516579390201250824287918088646086274218165885538777906258466097228199722333984216420160479057214971003585984219702324966684124144181920486918962531164537639552150809062408475291870283013826444057945558347430729720834688103088551589446293793090742695827899126761561077312574503507920579377575208507071960274231250371645784388691471496170658070693878776528990973927196292650116785260003473914935770309293814318596652975100702525218615064803510351807865823108639807271245729958624347318227328805233637738415218923760187991899135052369406112990500519543860523,0.0,0.0,0.0,0.0,0.0,0.0,0.0,0.0,0.0,0.0,0.0,0.0,0.0,0.0,0.0,0.0,0.0,0.0,0.0,0.0
0.0,0.0,0.0,0.0,0.0,0.0,0.0,0.0,0.0,0.0,0.0,0.0,0.0,0.0,0.0,0.0,0.0,0.0,0.0,0.0,0.0,0.0,0.0,0.0,0.0,0.0,0.0,0.0,0.000131467883954152174586767187059759972052855788516579390201250824287918088646086274218165885538777906258466097228199722333984216420160479057214971003585984219702324966684124144181920486918962531164537639552150809062408475291870283013826444057945558347430729720834688103088551589446293793090742695827899126761561077312574503507920579377575208507071960274231250371645784388691471496170658070693878776528990973927196292650116785260003473914935770309293814318596652975100702525218615064803510351807865823108639807271245729958624347318227328805233637738415218923760187991899135052369406112990500519543860523,0.000273212216062491876798343512013981583142696554652017889390477288805247551293938914397355274919235852820950790403156770354192980562564984811784413706567161032546734941180617817066338687689272775394528797455208482056547587308226688083259635331404019130282003136270667703548855743649491584883805778552477269635276628636635312346935508248214465023351156496769295762699594049685579682203006312823854916204398130564215099420801013484484666467519924686961068327369515985623160873922331441209220920733617879381289396068609294217884453698205073799476233745305974967952658051676129039533314279398307850645747423,0.000131558417206243055177859867588311684458963367619817996476736816257649434530980930422278047354032882970172543615094973092772358931690266147333006019912446131243464313065586625016053354908805287252456825302777618669329045503329385902772726336577596743140219414963364407991559970659067816247735012522352628134360542218425017666338797959199242066187588815989291549836971226677772860701436597609723889515695617175258814187669788809890609328925805096363145904099647582707638429057767996649395278168503656818548869160917892561957430912000289791296644179802119118945538520125747567277088829125444925553914802,0.0,0.0,0.0,0.0,0.0,0.0,0.0,0.0,0.0,0.0,0.0,0.0,0.0,0.0,0.0,0.0,0.0,0.0,0.0
0.0,0.0,0.0,0.0,0.0,0.0,0.0,0.0,0.0,0.0,0.0,0.0,0.0,0.0,0.0,0.0,0.0,0.0,0.0,0.0,0.0,0.0,0.0,0.0,0.0,0.0,0.0,0.0,0.0,0.000131558417206243055177859867588311684458963367619817996476736816257649434530980930422278047354032882970172543615094973092772358931690266147333006019912446131243464313065586625016053354908805287252456825302777618669329045503329385902772726336577596743140219414963364407991559970659067816247735012522352628134360542218425017666338797959199242066187588815989291549836971226677772860701436597609723889515695617175258814187669788809890609328925805096363145904099647582707638429057767996649395278168503656818548869160917892561957430912000289791296644179802119118945538520125747567277088829125444925553914802,0.000247597872608952478299626935064268857530371169509102850388886359508526296921764775137285068296859100754919793968379185196690422093629298576671081949307896549921826329395084204917925317645265882481961987413364961524235307788968862631021902046592830906282158140276733616898393923868283500904028679479339957583450786337481146044345189554723348788451091243432628909196496561172201829969355335755606641601628998993428125769920013085881262204038151081873890233029313231552127221872426268253565860809519748115810747764047469803944192476867999126158137842117282157458743951850349841908362233039070035600054959,0.000122902715126150305283845571603597458370756845833941762628221712597810591942644874796381486514628533578512549455841242761553610103661127753792025549158998556997016621982450725087692247108352325197385035146053692852509446768891619958113489701115159354927275684542219373808845465827344930381005171010761615909063019740386902309502823839246867850604946068752384231265240525224958331894530407150953586514805039633465259806749685688542786339171877188434524452640915889464403385370688337264068267847445201805523977895992531863565168219178542397551420275650969586649862002098357938049663827060482160387326113,0.0,0.0,0.0,0.0,0.0,0.0,0.0,0.0,0.0,0.0,0.0,0.0,0.0,0.0,0.0,0.0,0.0,0.0
0.0,0.0,0.0,0.0,0.0,0.0,0.0,0.0,0.0,0.0,0.0,0.0,0.0,0.0,0.0,0.0,0.0,0.0,0.0,0.0,0.0,0.0,0.0,0.0,0.0,0.0,0.0,0.0,0.0,0.0,0.000122902715126150305283845571603597458370756845833941762628221712597810591942644874796381486514628533578512549455841242761553610103661127753792025549158998556997016621982450725087692247108352325197385035146053692852509446768891619958113489701115159354927275684542219373808845465827344930381005171010761615909063019740386902309502823839246867850604946068752384231265240525224958331894530407150953586514805039633465259806749685688542786339171877188434524452640915889464403385370688337264068267847445201805523977895992531863565168219178542397551420275650969586649862002098357938049663827060482160387326113,0.000252001630933907416675375788416309903324836730200973059648435601274383239404910772169706820160380448357844866319569928144496649034700414383969026462818287038194311715623104166047866369169201062676674662579821463210960650829892506736716631939917966083874246694038407639646691351245265620735919611651806766129255151283662956820317650779723206488540801160490455624204712904211274787670332430779836067592591424314958644089128664466278701315764817219441517431178956029280798056304607083234076403176225078591065440569891336610623960532513660744861225975215197153898830718827994932891872278154372867537454872,0.000123047288344396804003650835928162907294667662125742696250006959961367918561644946627425063057462115614443710125015433218931446012803339207810814568086419581935660993570161056109043046290416046769374040321465780516164601882460837599051407222233564360943593118562279687492317689775370373930719797165033863850680020102321179537128480220651348197392421520414008585279996539251854828238706120794588408731207614747902466308638512961872537427901037932333090109547422690067595062632517279119055258241777887270111716893779381728541680593522133282402649739934077720130194423189189839864395849730266971614381489,0.0,0.0,0.0,0.0,0.0,0.0,0.0,0.0,0.0,0.0,0.0,0.0,0.0,0.0,0.0,0.0,0.0
0.0,0.0,0.0,0.0,0.0,0.0,0.0,0.0,0.0,0.0,0.0,0.0,0.0,0.0,0.0,0.0,0.0,0.0,0.0,0.0,0.0,0.0,0.0,0.0,0.0,0.0,0.0,0.0,0.0,0.0,0.0,0.000123047288344396804003650835928162907294667662125742696250006959961367918561644946627425063057462115614443710125015433218931446012803339207810814568086419581935660993570161056109043046290416046769374040321465780516164601882460837599051407222233564360943593118562279687492317689775370373930719797165033863850680020102321179537128480220651348197392421520414008585279996539251854828238706120794588408731207614747902466308638512961872537427901037932333090109547422690067595062632517279119055258241777887270111716893779381728541680593522133282402649739934077720130194423189189839864395849730266971614381489,0.000227878759051142270488708206103574041506970371200418263078847052221235101334541746230034952272496346291750743706412297557029577753373250595329254609311296581978407785966808130375307210005943077212463081041487806091975977488168484268809709361373442645690036193872932660966024083708464557158634355628132751046620342006437639432296634986755425822655917141117363864499761234799054054494618819637384338183622145941185625472935730261839570960809664951688566446975247350659899470078917387456041059390013436643117265262190779642020355556078819674549334561577182268214927034643512562215559360339771847172252159,0.000106292026442009403088800705206941517733855869500510206498787578979940268289591173503712865734816594662340184146982622414523550055747293947845001397918886506490575643150676578088753363068447762189700047626033839352109218878516015431819600691331817799137938716045401626756528517166111866042699306837794716134289277779682998393016569672848398316409630217853698987559198993750605660149243412718494597133300551030290917029913819318274662122447084455846389740320224187650356048081914301389556887932010433164592283791468303358971846491092830536325652720462472731009596725489743821024022322777886062284028476,0.0,0.0,0.0,0.0,0.0,0.0,0.0,0.0,0.0,0.0,0.0,0.0,0.0,0.0,0.0,0.0
0.0,0.0,0.0,0.0,0.0,0.0,0.0,0.0,0.0,0.0,0.0,0.0,0.0,0.0,0.0,0.0,0.0,0.0,0.0,0.0,0.0,0.0,0.0,0.0,0.0,0.0,0.0,0.0,0.0,0.0,0.0,0.0,0.000106292026442009403088800705206941517733855869500510206498787578979940268289591173503712865734816594662340184146982622414523550055747293947845001397918886506490575643150676578088753363068447762189700047626033839352109218878516015431819600691331817799137938716045401626756528517166111866042699306837794716134289277779682998393016569672848398316409630217853698987559198993750605660149243412718494597133300551030290917029913819318274662122447084455846389740320224187650356048081914301389556887932010433164592283791468303358971846491092830536325652720462472731009596725489743821024022322777886062284028476,0.000205436909356148304810644276534547440079601146250909461250578736843137407867715428928112997161132435443769774566350658940992457281788959517473017629318097131446851959203100137800332702929002820923917146736933536992063925946399793227697810556524889961932272673904090952307479311621896205563584174978658519454534204768715381723536066176197762778182240437124763437056582133748598687470920231633447310908040826610468766486023290135704582568107115922591027927532980266296067013424883094593891015501833718177250182951400017389953065407087901678032701854673597233100517167534593533023220600655209163251888376,0.0000995374835129076548665266660477437381953362131021206839180984805908075640045110843006287977935020498341044794078269825993747960521425808241393483865935401848723307802939769842902859054151836638875393418450493343298384675246942358575665594332917081520041867637953182172764894217305467258629986829253362519874021152291276346318110235351014107280172378791880260182233915008927791766484886420237281555686191536541171099962294811280751397685692775536622194711661578981684141054219051911173824936866907169169924353274242442048851438769936635770845320669286500347205604549793838368003898472628415957892973817,0.0,0.0,0.0,0.0,0.0,0.0,0.0,0.0,0.0,0.0,0.0,0.0,0.0,0.0,0.0
0.0,0.0,0.0,0.0,0.0,0.0,0.0,0.0,0.0,0.0,0.0,0.0,0.0,0.0,0.0,0.0,0.0,0.0,0.0,0.0,0.0,0.0,0.0,0.0,0.0,0.0,0.0,0.0,0.0,0.0,0.0,0.0,0.0,0.0000995374835129076548665266660477437381953362131021206839180984805908075640045110843006287977935020498341044794078269825993747960521425808241393483865935401848723307802939769842902859054151836638875393418450493343298384675246942358575665594332917081520041867637953182172764894217305467258629986829253362519874021152291276346318110235351014107280172378791880260182233915008927791766484886420237281555686191536541171099962294811280751397685692775536622194711661578981684141054219051911173824936866907169169924353274242442048851438769936635770845320669286500347205604549793838368003898472628415957892973817,0.000191860772918695252222722998059261235920560643151808042608053683494288297834992094950742183458793764747099005622171109443197076420669711827938650514478924138781683857311640416115823938837378869147604857733418571759603395619424576407952153488096274417127517663346327785935852474850418069239527889676002419286993271163131494406535259961256183396416577459445998172093089630742514039787502137875232162616409099648474905905688385353937446950733737044584437444919930845645514596977577014687117466707752993788241530894523761085370012383071160947171554882591216303239457117875162433152079862538699670072888815,0.0000949058718572096847159633578225782069610601247799924947962866937077584588797098587235305189826433021645306008380649765193347117492026915821178202022621627096243405350758171759810684124346572794627166697577775601741900968845887814961890296587998723348270078736995959100415635897409372934257099557617266112403857462512982909743060342314236838286181437814300561776599841522331600544284924302481405720381667635719633875011990931877734191008169422024855338208045132858983262616219212437986962075140123680831888291407321090644048780933393028588568537772021714648025399367195674060721725939504926799213056877,0.0,0.0,0.0,0.0,0.0,0.0,0.0,0.0,0.0,0.0,0.0,0.0,0.0,0.0
0.0,0.0,0.0,0.0,0.0,0.0,0.0,0.0,0.0,0.0,0.0,0.0,0.0,0.0,0.0,0.0,0.0,0.0,0.0,0.0,0.0,0.0,0.0,0.0,0.0,0.0,0.0,0.0,0.0,0.0,0.0,0.0,0.0,0.0,0.0000949058718572096847159633578225782069610601247799924947962866937077584588797098587235305189826433021645306008380649765193347117492026915821178202022621627096243405350758171759810684124346572794627166697577775601741900968845887814961890296587998723348270078736995959100415635897409372934257099557617266112403857462512982909743060342314236838286181437814300561776599841522331600544284924302481405720381667635719633875011990931877734191008169422024855338208045132858983262616219212437986962075140123680831888291407321090644048780933393028588568537772021714648025399367195674060721725939504926799213056877,0.000194915041884521226849692721987082626566212457686324415571067920925086470292124604095816338920112469328322422981369658554802506735459754919030344386546329023647903379942511651367766466687531589315792594523285007256854092647091921599434929103212537709650124851888405214253139749799626384514091956441745943507298548075760983606313018779338566066084790166971029654835173678210273060201389939042852742568971517060027466491343385809405759328433621246503125025009140941239765262219627678054085236232435195695259174252665542663067644693319852910297557381737459682108767610984695208258290028064015412050174120,0.0000995572165342029505976922797438993958508071794134571708178277018425378333159364124788279688142575828320958514170773270603932238414823626250248904728638141088440477036717985484531439556485406799828406030223966736577637670438844072687527404215615319913333721304130527785583637909157051136299982611454808683767766762520428646938845800607721302425588378691957494829975756216250784818232980015050710630554268733993237514254009768258082116672404732671249727602720590686763831295699074517067640257159058510499057448619580019611982966289781393820502806207561814713211882263700141991334719676604877718860556031,0.0,0.0,0.0,0.0,0.0,0.0,0.0,0.0,0.0,0.0,0.0,0.0,0.0
0.0,0.0,0.0,0.0,0.0,0.0,0.0,0.0,0.0,0.0,0.0,0.0,0.0,0.0,0.0,0.0,0.0,0.0,0.0,0.0,0.0,0.0,0.0,0.0,0.0,0.0,0.0,0.0,0.0,0.0,0.0,0.0,0.0,0.0,0.0,0.0000995572165342029505976922797438993958508071794134571708178277018425378333159364124788279688142575828320958514170773270603932238414823626250248904728638141088440477036717985484531439556485406799828406030223966736577637670438844072687527404215615319913333721304130527785583637909157051136299982611454808683767766762520428646938845800607721302425588378691957494829975756216250784818232980015050710630554268733993237514254009768258082116672404732671249727602720590686763831295699074517067640257159058510499057448619580019611982966289781393820502806207561814713211882263700141991334719676604877718860556031,0.000196881971417708175105982692224629401908712808865435328368985931817062392978118372299695203331497114051308242520068731386212802620166019206691753252427707431160962235638812139438851899283372842354633239928080826775799754815423136463677296340708924752303395991651453570695382712067593906519690898968624151944979656763095311682865126114663998296826338306140905704625322773946876795044386522584131930704418761401748109601086618740610582154692558755976912020042803634791882214349428317276033730939084574435006105570279739881604645516658069432852391140359334854834116088748889097468108599607793269678454696,0.0000967683793166135834686014811434627988318188736327855377537062781885806897881883704560461945556670608121899545967145011021090217374745577179759086482525696484993387961390332788005326523304548611204687645811356199683633576758050440361052244950490660418657543537695935952493325761434665870340045889352347278255440983260137376658661675242524506771657359874918459793368524600917077882168810588243657569421584078263733652313887618433429745321334218910409326465135388430091577484265021361040688296271192275322127721887170959980902157950897847852889366963945554812921707877183874808533010182019990880042757038,0.0,0.0,0.0,0.0,0.0,0.0,0.0,0.0,0.0,0.0,0.0,0.0
0.0,0.0,0.0,0.0,0.0,0.0,0.0,0.0,0.0,0.0,0.0,0.0,0.0,0.0,0.0,0.0,0.0,0.0,0.0,0.0,0.0,0.0,0.0,0.0,0.0,0.0,0.0,0.0,0.0,0.0,0.0,0.0,0.0,0.0,0.0,0.0,0.0000967683793166135834686014811434627988318188736327855377537062781885806897881883704560461945556670608121899545967145011021090217374745577179759086482525696484993387961390332788005326523304548611204687645811356199683633576758050440361052244950490660418657543537695935952493325761434665870340045889352347278255440983260137376658661675242524506771657359874918459793368524600917077882168810588243657569421584078263733652313887618433429745321334218910409326465135388430091577484265021361040688296271192275322127721887170959980902157950897847852889366963945554812921707877183874808533010182019990880042757038,0.000191981859208874277448385800726729531515412052280937607934706744454651537001633143605520458527289199262187780343180908642338480588220066598494409344429172659785184571126408617259274439849502923843848115470835053054275729248687003008142551627438682389187517672882339636743888766296144212372039754919155409352528845600004228833010309350675897544723110329140603120009613492458337806931494238940273285478856065266745347111460990350348564159332622556316683529879189046378158766352503686888272620542902265503617100444855993325314889858428469405347269059911379581927209915697414610883901082416669951664419864,0.0000919503279266729752000459694294442341376177980483863706058275500409447842325435553444330560562466859174030999358782619974697097169966179651587791424711776526105962073738842657179376938726526800288484389867911526868185976702164044256882328937249544532927915239929502470627480776051652441167608421344954422807946598354923821373508598143941475591489866647291185539743306641499998763706151125102881506882066900079477568169190255624662814244727021780110239302356241200982326759922729450861811523029096075779747044966620562870354191724256480627388857149173447887938238020177332909068363266028480740534034715,0.0,0.0,0.0,0.0,0.0,0.0,0.0,0.0,0.0,0.0,0.0
0.0,0.0,0.0,0.0,0.0,0.0,0.0,0.0,0.0,0.0,0.0,0.0,0.0,0.0,0.0,0.0,0.0,0.0,0.0,0.0,0.0,0.0,0.0,0.0,0.0,0.0,0.0,0.0,0.0,0.0,0.0,0.0,0.0,0.0,0.0,0.0,0.0,0.0000919503279266729752000459694294442341376177980483863706058275500409447842325435553444330560562466859174030999358782619974697097169966179651587791424711776526105962073738842657179376938726526800288484389867911526868185976702164044256882328937249544532927915239929502470627480776051652441167608421344954422807946598354923821373508598143941475591489866647291185539743306641499998763706151125102881506882066900079477568169190255624662814244727021780110239302356241200982326759922729450861811523029096075779747044966620562870354191724256480627388857149173447887938238020177332909068363266028480740534034715,0.000167456376228800967110444868977217616900854999036670362215319825723051356971247128483372655960041321303879822747464452070400025838958920588471610836464128823062957790700577239722471114755640617343453992954135486012826434589518791757286632296186664524617678215594485351952187972214800291675876297844462919224034475120775205598347363271122319834144848279647435766869817585818371647847025976772857321363803244884622158055717553700568933423138239004832887503769783126604653886551764053952718502087411069505705311983983050472944923012152392028855706949366521149648224192837502656600953430012930058856515509,0.0000769778194403886180589973174123154047592426759614550209477144550145445421233234786552541947631812205287387926697686680909542455627986005779833875288946915655970447058061748924195439222551121629192706795656776211525962746509655782864896601658297744189201842411348145296578782877052517607427750767224187046147290528616284307382234578266891964579266539530302030011423741436669260917023576667843755663987136830825656894199682509435208640968231700127299710691546199873124770870798760360089780754431642317314522333293001238261168455506243675383637294471424308348180039238692991162456771682967915291571143040,0.0,0.0,0.0,0.0,0.0,0.0,0.0,0.0,0.0,0.0
0.0,0.0,0.0,0.0,0.0,0.0,0.0,0.0,0.0,0.0,0.0,0.0,0.0,0.0,0.0,0.0,0.0,0.0,0.0,0.0,0.0,0.0,0.0,0.0,0.0,0.0,0.0,0.0,0.0,0.0,0.0,0.0,0.0,0.0,0.0,0.0,0.0,0.0,0.0000769778194403886180589973174123154047592426759614550209477144550145445421233234786552541947631812205287387926697686680909542455627986005779833875288946915655970447058061748924195439222551121629192706795656776211525962746509655782864896601658297744189201842411348145296578782877052517607427750767224187046147290528616284307382234578266891964579266539530302030011423741436669260917023576667843755663987136830825656894199682509435208640968231700127299710691546199873124770870798760360089780754431642317314522333293001238261168455506243675383637294471424308348180039238692991162456771682967915291571143040,0.000153980389138923786059564828900260674104095318878034198648755033371249658965115082825059033770332397207887364982945109298616603332600733994222626145757644767966308787558592907899520907142994121871460549541755049649957909272846185228372265115909430039263873588001899596119665978898496621287103856653675922590272663273098536615665143899811354105350679917489424328829942882164710977701301758754387062419934933400420040512619965396550534545811235124064574134818675199046153054002887306666811562889618547669624344070242975472446031817710956464110630533196760768572309836983187760322718529991643739113994884,0.0000819053589552215197475444092704165101250800419125348148012057332406717532072949146719105074084793627707067248140947089310989926176463377460087835821455079100063858121721403516662868854524674018186485193137388579051297782010408071237391569082627756825660287090267850125518907321242489554694728957487348619530667847341186273430735246654677499893999022508223590007897402512229875977819388013565828068392881144381667032152730219687372332381861215783072510520082037786840893228556075642020586799647383206107452254095435968508017561321746961053287660013818776327498842153208524274673607191586208171545478741,0.0,0.0,0.0,0.0,0.0,0.0,0.0,0.0,0.0
0.0,0.0,0.0,0.0,0.0,0.0,0.0,0.0,0.0,0.0,0.0,0.0,0.0,0.0,0.0,0.0,0.0,0.0,0.0,0.0,0.0,0.0,0.0,0.0,0.0,0.0,0.0,0.0,0.0,0.0,0.0,0.0,0.0,0.0,0.0,0.0,0.0,0.0,0.0,0.0000819053589552215197475444092704165101250800419125348148012057332406717532072949146719105074084793627707067248140947089310989926176463377460087835821455079100063858121721403516662868854524674018186485193137388579051297782010408071237391569082627756825660287090267850125518907321242489554694728957487348619530667847341186273430735246654677499893999022508223590007897402512229875977819388013565828068392881144381667032152730219687372332381861215783072510520082037786840893228556075642020586799647383206107452254095435968508017561321746961053287660013818776327498842153208524274673607191586208171545478741,0.000169972258679378759778415132105018539033474317683292223303610059383399506582287436023440054552056408196897399882713875199925222957935035525124918564422096190675813768780175192889082456779570930089307532354881560098882879760765129515956856569400684756137685007102533695108962703628249399604739257277876546021803634835699104117006994946403557487337239207310137019875630556228394293547436419671681208710447085401389356121733767135760901144910714775950641780985966783450620402402084077414267709625268696780098580725864494395026498262759490741922457251814320532574776201784175881067569291374045666862149622,0.0000823478513709410602814124598755640384475357649623965360635518339554004733011167912390130026891437730958939683932286011707121503467430831323427648238593368635890757726539658943352023720509478480609501476716438811235478385742128668113975586938532588391906742648806923768618191225327295452158750765343371769908073482387298505751484727324771524324079443902020665734708658726597164165809777527591935154166750170622371201705826110016679698487744799985390063096356092568143691260593722281045688381904712509483845942765492054432797119499025855162050681499068373714093454051343020395987912511799028186909784699,0.0,0.0,0.0,0.0,0.0,0.0,0.0,0.0
0.0,0.0,0.0,0.0,0.0,0.0,0.0,0.0,0.0,0.0,0.0,0.0,0.0,0.0,0.0,0.0,0.0,0.0,0.0,0.0,0.0,0.0,0.0,0.0,0.0,0.0,0.0,0.0,0.0,0.0,0.0,0.0,0.0,0.0,0.0,0.0,0.0,0.0,0.0,0.0,0.0000823478513709410602814124598755640384475357649623965360635518339554004733011167912390130026891437730958939683932286011707121503467430831323427648238593368635890757726539658943352023720509478480609501476716438811235478385742128668113975586938532588391906742648806923768618191225327295452158750765343371769908073482387298505751484727324771524324079443902020665734708658726597164165809777527591935154166750170622371201705826110016679698487744799985390063096356092568143691260593722281045688381904712509483845942765492054432797119499025855162050681499068373714093454051343020395987912511799028186909784699,0.000156404861130898635940766266205706582787302360895348924573177751893767608729531416420917904049679976903387813203680116161708147263220247406989545896258345773678410300683198564059010174053469179155161029708216697964607856885939767968714618978191411136695229661999853644481414531625724373614914592221382289814303028856071317230688468129656219961418603618077973636180247867236070166510591564514285386964061515911736529941807805439580014788015785926619644633155278677909636615525055776911343493469816688415483149626260244097132330412739498433883275481820544954115184490488944769487289393227529151508882177,0.0000763555281722546946437101970676014255676286806128040150037767403850164685582461394871275316755043363218436686354878816748598166046568059798469902155726728579584131997000144656350481235828996106293111582553958579329479897582894570674827203536508438733661156356467240693259228114617510435507440748205994729989879057129941099693411714838293033739668677111326821072185359375527463227144028941817130599068836020430031843202171709860845711760961945221220204982036785529219031198813317219022859106429753588300876458384953825636943590694940244186140671751483390054666620161163622569495627480363744899013233993,0.0,0.0,0.0,0.0,0.0,0.0,0.0
0.0,0.0,0.0,0.0,0.0,0.0,0.0,0.0,0.0,0.0,0.0,0.0,0.0,0.0,0.0,0.0,0.0,0.0,0.0,0.0,0.0,0.0,0.0,0.0,0.0,0.0,0.0,0.0,0.0,0.0,0.0,0.0,0.0,0.0,0.0,0.0,0.0,0.0,0.0,0.0,0.0,0.0000763555281722546946437101970676014255676286806128040150037767403850164685582461394871275316755043363218436686354878816748598166046568059798469902155726728579584131997000144656350481235828996106293111582553958579329479897582894570674827203536508438733661156356467240693259228114617510435507440748205994729989879057129941099693411714838293033739668677111326821072185359375527463227144028941817130599068836020430031843202171709860845711760961945221220204982036785529219031198813317219022859106429753588300876458384953825636943590694940244186140671751483390054666620161163622569495627480363744899013233993,0.000151945622505340362517591567192802158494965397928845553544904477417818751167009689688348333551786976391082878076023763497568246059562532288916980730475018631275155605741081986468622365982585688474382643000430085811998156319410090206519826668250864596028860763209610603338770369420984707416216008145693904122578516832066879311143305273219627831930991012274551948155643977378054969960523958701267214687250796409914508719298807347064040327596870343349841436659986981545298494034469359142680905163494812081363914744885237451288545311831514771253480886669557033833686967385740842080116826367119756511031708,0.0000755678903166367967939216054139309263218785657622785742217674731040181011198659151995694155042859191279041235549618825145214060962505853353935716544952485586507222958356933599683937221004250640364481342465146699469151946807783197945759286851491167307509799645096051106355688589367818135689293412973026814573505806336914781697865930285922211111775153025733774870429879236855281290354709742100526334864665261834746183673107249585203213663814559863251135259068426856935078241512111983979112170577663965496482131738012284206904135085687031115632700248510604136597891001845981828515637086806364976873473518,0.0,0.0,0.0,0.0,0.0,0.0
0.0,0.0,0.0,0.0,0.0,0.0,0.0,0.0,0.0,0.0,0.0,0.0,0.0,0.0,0.0,0.0,0.0,0.0,0.0,0.0,0.0,0.0,0.0,0.0,0.0,0.0,0.0,0.0,0.0,0.0,0.0,0.0,0.0,0.0,0.0,0.0,0.0,0.0,0.0,0.0,0.0,0.0,0.0000755678903166367967939216054139309263218785657622785742217674731040181011198659151995694155042859191279041235549618825145214060962505853353935716544952485586507222958356933599683937221004250640364481342465146699469151946807783197945759286851491167307509799645096051106355688589367818135689293412973026814573505806336914781697865930285922211111775153025733774870429879236855281290354709742100526334864665261834746183673107249585203213663814559863251135259068426856935078241512111983979112170577663965496482131738012284206904135085687031115632700248510604136597891001845981828515637086806364976873473518,0.000150251539699142670286516104631088570849732384191164573139784589055450617661546688675448529312529749670828874052988987313137537335417095970899145362031258698463971778156709779567559662919717927294801854396501963554486444933403627578612502153371736134243718736335724349110945616927947875326768151202638786856346094818034754788962828206773779994609178330738274972037839126928138199583673688398438334087743503222547515992134257076212764496679262652495862737805589640710582052420237802833888487354797192358346656961830426181242421257725842237537641724766739674908598221436139493261985006632092952437352112,0.0000733264923868661365016189765693070755936255235510797202186147560464087058015465983418380933913378788601964866378886583153527358804716340048713510710500511748840266123073552747493959438674674576802749335134980103448139711132388495962090006732555087600267657752236649757645988004284768794622699827585735909606631198885894609739093748302399872007742194889882552518512096590342403656258100711337437740902620014454951885959142900162047646892560507648876647800488617862727422442040912464412344399981770165885613628403934452210165750843000792995613146955000898474347395722316875859596806904750340792375375883,0.0,0.0,0.0,0.0,0.0
0.0,0.0,0.0,0.0,0.0,0.0,0.0,0.0,0.0,0.0,0.0,0.0,0.0,0.0,0.0,0.0,0.0,0.0,0.0,0.0,0.0,0.0,0.0,0.0,0.0,0.0,0.0,0.0,0.0,0.0,0.0,0.0,0.0,0.0,0.0,0.0,0.0,0.0,0.0,0.0,0.0,0.0,0.0,0.0000733264923868661365016189765693070755936255235510797202186147560464087058015465983418380933913378788601964866378886583153527358804716340048713510710500511748840266123073552747493959438674674576802749335134980103448139711132388495962090006732555087600267657752236649757645988004284768794622699827585735909606631198885894609739093748302399872007742194889882552518512096590342403656258100711337437740902620014454951885959142900162047646892560507648876647800488617862727422442040912464412344399981770165885613628403934452210165750843000792995613146955000898474347395722316875859596806904750340792375375883,0.000137472698491135659228649710480824404518509884810260501588758727836552734091228562541358953868208390456429324832645912117091960311034377972128423801431389793591569658042166302333251163766803492366943411271934341713893497181034828072567480753877903958946254855237985177150166899718787715332077874567669825404451315792661190031318855590344647150895801581902410403371813951329135962668283737081413376719898040038692367875160363048860866178546142435205765328182068832276169885815968897099631295149927917299485192746064584209832354115768484763273794606031796867352201545740191226387432901172328739619661134,0.0000635535568798822096921418378674395738524854958449847176364111678804198277141544801202933263690464032499748817226422352890151407687657999001951489463901565322615541267391459423803575363261805097141855616425375964189488009490380159802267452416254527786424189346846266163985300103262375799958180533250582813697676822309091271131126562268565030531556905688356444157088224877064735099842130571794183302251919169122793530479501963189057004935805256798286382668979714986613860819155283185568963164734113460934583962821004511441652230146440995832350681506188597612677681290424177711044147401467160645545547706,0.0,0.0,0.0,0.0
0.0,0.0,0.0,0.0,0.0,0.0,0.0,0.0,0.0,0.0,0.0,0.0,0.0,0.0,0.0,0.0,0.0,0.0,0.0,0.0,0.0,0.0,0.0,0.0,0.0,0.0,0.0,0.0,0.0,0.0,0.0,0.0,0.0,0.0,0.0,0.0,0.0,0.0,0.0,0.0,0.0,0.0,0.0,0.0,0.0000635535568798822096921418378674395738524854958449847176364111678804198277141544801202933263690464032499748817226422352890151407687657999001951489463901565322615541267391459423803575363261805097141855616425375964189488009490380159802267452416254527786424189346846266163985300103262375799958180533250582813697676822309091271131126562268565030531556905688356444157088224877064735099842130571794183302251919169122793530479501963189057004935805256798286382668979714986613860819155283185568963164734113460934583962821004511441652230146440995832350681506188597612677681290424177711044147401467160645545547706,0.000124194195818400461656100665263821761083185518059160410839816331470937872183861329720186353964099228918217106730611175381759574584525147974906008242994738604533076074607748974020895423721806226901356481831183478194315917863323692239076000048665462121648560737443098087973064546175806538046705198512608577431144018392367011770403913148797335687507623262246354587654740820318391685473169571993519790836631158242524929787718956801406871451274617330030865769762536202979490927572339673932740649531936351711985675668232190344293280816159347394125752935418285511802244827759122703695174809811835439321705257,0.0000649275260424317815126624957193679157082693505215185696279296443813518122577934881557144964415738510224381324238448518631614672381007993219291642152645857705990911374135262280889098859263620348310461175437465369405552427195226609231782623078322256374887841247776934209183129238703463312619291498096879236546288869716347556578674303304089198155107820266010890345631467440343757203345635416751844546742792032252876270993985258331684180222875862832277796403751108490601156079250367983699418796168602764964165938569844745635133330637376048517602036764417052770102771801955975968734307567398147559640954083,0.0,0.0,0.0
0.0,0.0,0.0,0.0,0.0,0.0,0.0,0.0,0.0,0.0,0.0,0.0,0.0,0.0,0.0,0.0,0.0,0.0,0.0,0.0,0.0,0.0,0.0,0.0,0.0,0.0,0.0,0.0,0.0,0.0,0.0,0.0,0.0,0.0,0.0,0.0,0.0,0.0,0.0,0.0,0.0,0.0,0.0,0.0,0.0,0.0000649275260424317815126624957193679157082693505215185696279296443813518122577934881557144964415738510224381324238448518631614672381007993219291642152645857705990911374135262280889098859263620348310461175437465369405552427195226609231782623078322256374887841247776934209183129238703463312619291498096879236546288869716347556578674303304089198155107820266010890345631467440343757203345635416751844546742792032252876270993985258331684180222875862832277796403751108490601156079250367983699418796168602764964165938569844745635133330637376048517602036764417052770102771801955975968734307567398147559640954083,0.000136030558330757473154380786374998731791905260406254064269781540999029606272466619762688737960942959317854147439646009284153892640310038912051080869857128505693942868592307976186268880182393179044690572300686681447738340292524230123028223461162856253235242022517914294846009267497288998363926879247413442706301762652981162823597086630286041751808721730612172387608552972042758917574769537713352345140801523233440834118154178267048179240797285364753437856077345085690083989625416419925768890679355756297570569546131852680828731763427669428438465756940162014252633995052141156814322483321616519706811039,0.0000673917098348381272592082417634607004589351738969274482969612909519133615286202352184666699573987283439945225092357440083405998590973695673828356807740320993548056707947388487039706504208065298716727243226151353540697348099249695600395201694421990935026234892092529962592856339943902010646350870786848484683417194167383169341421163529247324885702502593828937809320815690524146651881194143961047709480806364969037649888475633847345639586961507119029843959644899735829608259878651681447833865305375572760797554011453191959709130990332492359959841316274187818075355498112049880023525686988544704544266732,0.0,0.0
0.0,0.0,0.0,0.0,0.0,0.0,0.0,0.0,0.0,0.0,0.0,0.0,0.0,0.0,0.0,0.0,0.0,0.0,0.0,0.0,0.0,0.0,0.0,0.0,0.0,0.0,0.0,0.0,0.0,0.0,0.0,0.0,0.0,0.0,0.0,0.0,0.0,0.0,0.0,0.0,0.0,0.0,0.0,0.0,0.0,0.0,0.0000673917098348381272592082417634607004589351738969274482969612909519133615286202352184666699573987283439945225092357440083405998590973695673828356807740320993548056707947388487039706504208065298716727243226151353540697348099249695600395201694421990935026234892092529962592856339943902010646350870786848484683417194167383169341421163529247324885702502593828937809320815690524146651881194143961047709480806364969037649888475633847345639586961507119029843959644899735829608259878651681447833865305375572760797554011453191959709130990332492359959841316274187818075355498112049880023525686988544704544266732,0.000130120994513522602847620466369491767953575768143186332993925233198061892713191948749227467538410197930392990686235152800569298692331496419587502944972380108280427986167957257505128266604426676263153722272054275166799103123538573006959771120296392499463900221441326579420869800077352804958396263538585789558626376307863197378485742550090711807809998803295486954819548002131473688527329495035998837046338990335253806381893724148376130396434524700349859754910428348182694200924817660356314982576953215110445176036636554962300101794080895432423042229204453258387457984553442434699554837829190946896940313,0.0000639937293713623772316311193613698882247113383529948371159322172701299175837864335310201886345306910473788175865991758877273824630834958298332952446270389228603978144990364466948321901420155013637263902521495107929557845160805994068288217370297898568689640358924699014322706192956298452255166131766748819667388887745140845379424575715110593869802903384248078700348287421053250407304115840851336893893472814585902742934630685920191179635253457336729362973113584173376223409343995205004924334368936493470021342342573928663805920306973459063541573338587421501002172457898943478776016536889990452753910976,0.0
0.0,0.0,0.0,0.0,0.0,0.0,0.0,0.0,0.0,0.0,0.0,0.0,0.0,0.0,0.0,0.0,0.0,0.0,0.0,0.0,0.0,0.0,0.0,0.0,0.0,0.0,0.0,0.0,0.0,0.0,0.0,0.0,0.0,0.0,0.0,0.0,0.0,0.0,0.0,0.0,0.0,0.0,0.0,0.0,0.0,0.0,0.0,0.0000639937293713623772316311193613698882247113383529948371159322172701299175837864335310201886345306910473788175865991758877273824630834958298332952446270389228603978144990364466948321901420155013637263902521495107929557845160805994068288217370297898568689640358924699014322706192956298452255166131766748819667388887745140845379424575715110593869802903384248078700348287421053250407304115840851336893893472814585902742934630685920191179635253457336729362973113584173376223409343995205004924334368936493470021342342573928663805920306973459063541573338587421501002172457898943478776016536889990452753910976,0.000125253741556655135460433464687617508679236361974279413414156484126295330366379323948401584937003432777762236482885162646310125455771157328134661857834950501905910475957269089042731509891828618993851565852199074476128386709058274633336862847736595366838405469034549577734059860171961753167245785352216331402888370673456427837978114084954025455349447811223070438102771021365470239218716854743352749364700190512462196230836583398426278739326315548999934632345221982372550996096169365417261077646476026337136021415832101470111500075900679884231203245756175459364675545532491267359261536790360494277815429,0.0000588782733052470286770439963128673796333844503564366323979386868902628634551633099400571718117045282843593568177196064531788575626005300603455965213791999624480858352391340051077046801801368658239082253487503973703322505669265100448938069310384983659506749078694914507917620761094809407400199651168412873889204984573473534102356913728812653578647158552701391430169960849772510866803418371078868300846044456920766517882849633476053936113406210187230524011090877220968945696894105364794368076057951776169467050144365745888707230711606300687994317074127533394749914861970834392399050714009420974006609261
0.0,0.0,0.0,0.0,0.0,0.0,0.0,0.0,0.0,0.0,0.0,0.0,0.0,0.0,0.0,0.0,0.0,0.0,0.0,0.0,0.0,0.0,0.0,0.0,0.0,0.0,0.0,0.0,0.0,0.0,0.0,0.0,0.0,0.0,0.0,0.0,0.0,0.0,0.0,0.0,0.0,0.0,0.0,0.0,0.0,0.0,0.0,0.0,0.0000588782733052470286770439963128673796333844503564366323979386868902628634551633099400571718117045282843593568177196064531788575626005300603455965213791999624480858352391340051077046801801368658239082253487503973703322505669265100448938069310384983659506749078694914507917620761094809407400199651168412873889204984573473534102356913728812653578647158552701391430169960849772510866803418371078868300846044456920766517882849633476053936113406210187230524011090877220968945696894105364794368076057951776169467050144365745888707230711606300687994317074127533394749914861970834392399050714009420974006609261,0.000110161244418480620221036550452800326974668691419165917028351650510304550267626343763313621302017020307695290339345590179257522875767685748793940818347549612950220136551135789824214701467090446013773612019145311061740595211624217823333123969668154012825077605594607654012831766802426843343176469097919899769632390244868100736308356620133144621141842959863554195223003064261227855344966509882088698777824507668132880213464344316992075746454334329498397655443510261174605943780620726456751626998149552028835412571304418470602470753928444273660932088467916856711340681267420445988754688985746891386177336
